prcp(mm/day),tmean(C),pet(mm),flow(mm)
17.16,6.815,0.687782786,6.418713023
0,5.05,0.641754432,5.134970419
3.4,6.58,0.680981265,3.325103796
0,2.895,0.624178251,2.567485209
0,2.335,0.620796713,2.098182585
10.38,10.06,0.788813396,2.011898246
0,11.285,0.84576258,1.974017317
12.65,10.8,0.798132904,2.357035602
4.87,2.06,0.605037099,2.777934817
0,2.86,0.637390405,2.29390072
26.62,6.81,0.739652009,2.925249542
54.87,9.825,0.784337843,20.51883671
34.11,5.485,0.724145096,34.72418521
25.78,3.58,0.658726735,12.69011132
29.85,4.605,0.651665501,14.85774228
0,2.935,0.710695587,7.449916099
0,2.18,0.722343167,4.503621597
0,5.175,0.792224852,3.367193717
0,6.78,0.846901837,4.082722382
0,6.09,0.867522561,4.840340968
0,1.405,0.752735465,4.31421695
0,2.13,0.7897398,3.935407657
0,4.865,0.863458294,3.640778207
0,8.215,0.978805814,3.388238678
0,11.06,1.105766207,3.198834031
0,12.47,1.174924252,3.093609228
14.61,5.045,0.875650738,3.15674411
0,3.825,0.940854252,3.135699149
10.51,6.33,0.962715291,3.304058835
13.65,9.415,0.958009464,3.851227814
0,7.945,1.133079512,3.914362696
0,12.27,1.303194205,3.872272775
0,17.205,1.431029824,3.682868128
9.49,11.435,1.175645263,3.661823167
6.66,-0.46,0.689158701,3.72495805
6.36,-2.38,0.534583068,3.682868128
5.45,-4.875,0.584196343,3.556598364
5.88,-6.425,0.563418607,3.45137356
0,-3.73,0.879815302,3.325103796
0,-4.35,0.933121885,3.15674411
0,-4.515,0.938622648,3.030474345
0,1.11,1.205868118,2.925249542
0,4.04,1.356802154,2.841069699
6.67,8.25,1.317313469,2.777934817
33.37,14.22,1.414577335,9.133512958
28.53,13.315,1.421898321,13.30041518
10.89,10.93,1.360413184,16.62551898
14.29,3.04,0.770188033,12.14294234
20.92,1.045,0.680916061,12.14294234
2,1.85,0.903189902,15.72058567
18.12,6.065,1.039767147,13.59504463
54.01,8.845,1.216614497,23.1494568
2.53,2.74,1.189380244,18.09866623
16.1,-4.23,0.969619192,6.018858769
0,-5.475,1.14550288,3.956452618
0,-1.31,1.493277815,3.009429385
0,5.115,1.888554416,2.483305366
21.17,6.725,1.609950701,2.525395288
13.86,1.405,1.124508968,4.377351832
0,4.05,1.785696983,4.124812303
0,5.07,1.997316063,3.15674411
0,7.68,2.218446135,2.630620091
0,11.33,1.95655171,2.31494568
74.88,10.58,1.854978828,10.24889588
23.9,2.475,1.175333544,25.25395288
0,-1.385,0.758692281,9.133512958
0,-0.48,1.403441235,4.819296008
0,3.7,1.968577091,3.493463481
0,6.835,2.281487665,2.777934817
0,10.905,2.558805263,2.378080563
0,13.915,2.79549806,2.089764601
0,15.02,2.900775772,1.877210497
0,16.78,2.963521007,1.706746315
0,18.325,2.98479228,1.567849575
0,9.445,2.665127722,1.426848338
0,11.31,2.820506094,1.304787565
2.59,15.31,2.855008334,1.250070667
0.72,6.88,2.513345089,1.21639873
13.87,10.54,2.231241372,1.207980746
17.77,12.045,2.385225047,1.271115628
0,3.01,1.726572627,1.256384156
0,6.96,2.066794648,1.180622297
1.06,8.955,1.789023644,1.191144777
0,12.27,2.737455806,1.201667258
0,13.81,3.241078096,1.167995321
0,15.635,3.398648402,1.144845864
0,19.545,3.490297536,1.085919974
18.78,20.535,2.651329694,1.045934548
7.57,18.735,2.359371456,1.041725556
17.67,12.935,2.610966197,1.241652683
0,4.93,2.608150066,1.38265392
0,10.475,3.088093357,1.262697644
26.7,16.205,2.517972438,2.378080563
47.32,16.87,2.516124752,10.50143541
16.71,10.865,2.660302609,16.54133914
6.22,6.555,2.454832733,6.566027748
14.15,7.27,2.05642672,4.987655693
5.84,9.82,1.949142293,4.714071204
0.5,7.515,2.792346416,3.661823167
0,5.42,2.121989665,2.798979777
0,2.2,2.688500856,2.29390072
0,4.62,2.979934685,2.030838711
0,8.025,3.403710204,1.84353856
0,8.95,3.478682957,1.692014843
5.41,11.085,2.391685734,1.620461976
0,9.745,3.585469528,1.511028181
0,14.645,4.126236254,1.384758416
0,18.455,4.450967076,1.279533612
6.86,17.405,3.376758228,1.231130203
0,11.51,3.803469604,1.193249273
0,13.07,4.131176488,1.134323383
0,16.74,4.427733656,1.094337958
0,18.625,4.598794645,1.073292997
0,20.62,4.57077199,1.058561525
0,21.285,4.57792569,1.005949123
0,21.64,4.54441846,0.940709745
0,22.705,4.649510766,0.913351296
0,22.245,4.564717185,0.883888351
0,22.085,4.406030665,0.860738894
0,19.74,3.638035607,0.839693933
8.37,18.595,3.053728311,0.87336587
0,13.145,3.59825822,0.923873776
0,13.335,3.279496776,0.856529902
0,13.27,3.161929988,0.835484941
18.71,15.91,2.074524571,0.999635635
14.3,14.8,2.988428579,1.241652683
0,8.915,3.718719272,1.14695036
0,11.27,4.107134265,1.056457029
6.26,15.495,3.205506159,1.037516564
8.19,16.19,2.797807444,1.056457029
0,11.49,4.026145723,0.997531139
0,10.375,4.1451261,0.93229176
0,11.705,4.198914977,0.896515327
0.01,13.99,3.870389867,0.881783855
11.56,15.33,2.972265308,0.936500753
0,14.7,4.510868889,0.925978272
0,15.92,4.633006728,0.854425406
0,17.95,4.364091952,0.824962461
0,21.385,3.510982527,0.824962461
41.41,21.62,3.056893614,5.008700654
18.35,19.245,3.647387911,9.154557918
2.42,21.12,4.33966351,3.240923953
4.5,19.66,4.297918936,2.546440249
0,19.56,5.193762838,2.230765838
0,23.375,5.032793537,1.782508174
0,25.42,3.825132514,1.54890911
25.24,22.05,3.154289844,1.719373292
0,17.205,5.130061471,1.578372055
0,19.08,5.438018753,1.31320555
0,22.615,5.367210627,1.182726793
0,23.835,5.143621181,1.090128966
0,24.04,5.487879791,1.014367107
14.55,24.115,4.055250463,0.949127729
0,22.345,4.30305431,1.525759653
0,22.65,3.999311034,1.338459503
4.52,22.18,1.993005686,1.121696407
5.38,19.47,3.036914685,1.052248037
0,17.71,5.034139453,0.97017269
0,18.87,4.566221768,0.915455792
13.09,20.33,3.225322907,0.909142304
0,21.075,4.863389144,0.909142304
0,20.435,5.118867499,0.856529902
13.95,22.49,3.937702991,0.925978272
30.77,22.845,3.865588316,1.630984457
19.12,21.845,3.329688474,1.906673442
43.03,21,3.218431948,6.587072709
2.66,18.78,3.671399362,7.302601374
0,17.385,5.199694025,3.830182853
0,21.62,5.578408782,2.630620091
14.3,21.16,4.184456181,2.335990641
5.2,21.035,4.208710381,2.483305366
13.29,21.545,4.017467653,2.146585995
6.64,22.225,4.308253255,2.777934817
0,23.555,5.514695866,2.209720877
0,24.615,5.386109467,1.780403678
0,25.15,5.375773513,1.422639345
0,25.775,5.505409354,1.258488652
0,25.545,5.330737038,1.20587625
16.03,24.585,3.886118643,1.479460739
16.74,23.56,2.729967616,3.114654188
8.42,22.99,3.949467126,2.378080563
10.3,23.155,3.326890856,2.967339463
33.39,22.525,2.767430868,4.419441754
11.43,23.765,3.053825122,9.386052486
16.46,23.08,3.907299562,7.954995157
0,23.56,4.914529911,5.008700654
5.02,24.015,4.145158486,4.798251047
0,25.015,5.514065928,3.72495805
35.84,24.54,4.358354041,5.366464987
0,26.05,5.868277356,3.346148756
0,26.13,5.505126221,2.420170484
19.46,25.19,4.124608657,3.030474345
12.21,23.94,4.087195337,4.398396793
2.92,24.815,4.613756795,3.135699149
0,24.125,5.207612365,2.357035602
0,22.085,5.667253326,1.856165537
5.05,22.81,4.321618431,1.639402441
8.23,22.335,4.047485944,1.563640582
0,22.88,5.422083635,1.351086479
14.52,23.735,3.948855075,1.332146014
5.57,21.875,4.233268598,1.687805851
0,21.015,5.084992825,1.3931764
0,22.11,5.160721128,1.207980746
0,23.16,4.999054665,1.125905399
9.39,24.54,4.079212537,1.081710982
11.95,24.625,4.182114689,1.052248037
0,25.88,5.682183787,1.005949123
0,25.93,5.628981802,0.938605249
0,25.73,5.496675866,0.894410831
0,25.95,5.491995014,0.860738894
0,26.395,5.400910364,0.833380445
16.31,25.77,4.307107639,0.841798429
5.37,25.68,3.919245831,1.403698881
6.37,25.695,3.852003624,1.201667258
0,26.27,4.988560224,1.008053619
0,24.7,5.485145825,0.885992847
0,26.235,5.309832155,0.820753469
0,25.935,4.962628529,0.780768043
0,22.955,4.563742918,0.770245563
0,16.145,4.642954211,0.74499161
0,16.83,4.7617823,0.698692696
0,18.675,4.867867954,0.671334247
0,20.66,4.808168481,0.665020759
0,20.95,4.928706136,0.650289287
0,20.695,4.874888494,0.635557814
0,21.59,4.784863772,0.620826342
0,22.375,4.800489302,0.612408357
0,22.9,4.700022712,0.603990373
0,23.15,3.994533344,0.599781381
2.3,21.535,4.060527928,0.665020759
0,21.815,4.70533719,0.635557814
0,23.755,4.518185557,0.601885877
0,25.185,4.706397446,0.585049908
0,26.005,4.633497071,0.570318436
0,26.71,4.547537003,0.561900452
0,26.935,4.457135227,0.570318436
3.56,25.95,3.573524238,0.561900452
6.61,25.715,3.422516307,0.557691459
2.34,25.6,4.270633565,0.576631924
0,25.675,4.356593918,0.726051145
0,26.72,4.308517516,0.62713983
0,26.44,3.899780023,0.614512853
43.07,24.725,3.181445795,1.081710982
0,25.41,4.05722107,0.987008658
14.82,25.46,3.116097754,0.982799666
0,23.33,4.075366863,0.989113154
0,22.905,3.91437694,0.757618586
0,23.27,3.836589272,0.677647736
0,23.555,3.904210997,0.63766231
0,23.87,3.737349989,0.612408357
0,23.195,3.874814883,0.601885877
0,24.21,4.009292587,0.593467893
1.55,24.785,3.335556137,0.669229751
4.6,23.72,2.244151508,0.662916263
0,24.1,3.121475502,0.614512853
0,23.965,3.720246607,0.652393783
18.76,23.595,2.691796959,1.060666021
5.77,20.765,2.37385229,1.121696407
11.59,18.185,1.409948964,1.001740131
0,17.05,3.069852758,0.919664784
0,16.885,3.354399928,0.79339502
0,17.67,3.443618186,0.717633161
0,17.87,3.407067517,0.665020759
0,19.155,3.402454963,0.622930838
2.39,20.14,2.660784018,0.616617349
16.12,16.58,1.927253585,0.643975798
0,10.39,2.54290259,0.688170216
17.96,10.55,1.730111354,0.679752232
6.93,14.735,1.756656053,0.820753469
0,15.93,2.861850318,0.885992847
0,16.145,2.581550639,0.835484941
11.96,15.85,1.269479363,0.8039175
44.44,16.72,1.244102845,1.414221361
33.07,19.895,1.50866284,3.535553403
10.77,20.26,2.431338378,4.145857264
0,19.025,2.92541543,2.29390072
0,15.755,2.684805131,1.567849575
0,14.075,2.600699662,1.266906636
0,17.195,2.749459277,1.130114391
0,17.25,2.688377614,1.033307572
0,10.92,2.263218615,0.955441217
0,10.25,2.190041787,0.907037808
0,12.76,2.280811206,0.869156878
0,14.855,2.370206624,0.837589437
0,16.585,2.413188897,0.812335484
0,17.945,2.444468244,0.789186027
0,17.35,2.364763009,0.770245563
0,18.305,2.366513688,0.75551409
0,18.96,2.202928598,0.749200602
44.72,19.92,1.465143738,1.115382919
3.19,12.63,1.574244255,1.534177637
4.71,4.13,0.904377036,1.153263848
2.91,3.32,0.993174564,1.018576099
0,6.735,1.560064292,0.938605249
0,12.3,1.792522608,0.869156878
0,14.87,1.868420157,0.835484941
0,15.005,1.829607442,0.808126492
0,14.135,1.757291503,0.780768043
0,14.325,1.717962269,0.761827578
0,13.5,1.633064322,0.742887114
0,13.78,1.626827325,0.711319673
0,13.655,1.57105486,0.698692696
0,14.51,1.567597638,0.690274712
5.11,13.78,1.26518809,0.690274712
0,6.2,1.138872692,0.690274712
0,7.515,1.124711204,0.690274712
0,5.23,1.075559235,0.683961224
0,4.23,1.055275944,0.673438743
0,8.805,1.186112402,0.669229751
22.54,15.84,1.122799675,0.717633161
6.56,16.29,1.09401027,0.894410831
23.2,17.92,1.086469147,1.403698881
0.15,10.965,1.164660665,2.378080563
0,9.155,1.095431809,1.809866623
0,11.785,1.161802722,1.388967408
0,14.865,1.219053397,1.207980746
0,14.395,1.182413754,1.096442454
20.71,15.665,1.105440911,1.25427966
23.56,15.75,1.049845408,3.45137356
19.93,10.65,0.927799637,6.208263416
0,-1.37,0.665818565,4.187947186
0,1.745,0.745501658,2.609575131
0,5.75,0.826776511,1.946658868
0,9.895,0.908875338,1.59731252
0,11.385,0.965241633,1.416325857
14.25,6.595,0.751187307,1.321623534
23.1,1.78,0.620755236,1.574163063
0,-0.38,0.632399943,1.652029417
0,4.905,0.740478185,1.439475314
0,11.075,0.886953022,1.332146014
1.24,15.32,0.9680311,1.245861675
0,14.525,0.978650595,1.176413305
0,1.805,0.643627031,1.096442454
0,-0.065,0.594273737,1.02909858
0,2.915,0.640712717,0.98069517
0,4.255,0.652111577,0.936500753
0,0.685,0.578806692,0.902828815
0,-1.825,0.521654457,0.87336587
0,5.385,0.632983969,0.860738894
0,11.135,0.804270243,0.85232091
0,9.69,0.723428957,0.841798429
8.03,1.305,0.550188751,0.841798429
9.27,-1.855,0.463879662,0.864947886
0,-1.16,0.489237158,0.864947886
0.78,2.215,0.582303477,0.841798429
4.01,0.22,0.535251423,0.841798429
0,-6.485,0.422171612,0.833380445
0,-4.015,0.460505747,0.808126492
0,-1.105,0.498987863,0.812335484
0,-9.76,0.362908907,0.818648972
0.01,-9.44,0.364188599,0.791290524
0,-5.695,0.432622037,0.782872539
8.91,-4.155,0.451309956,0.797604012
0,-6.83,0.412524124,0.833380445
0,-8.695,0.384514154,0.810230988
0,-16.135,0.278426671,0.742887114
0,-18.34,0.24208485,0.763932075
0,-14.47,0.301702037,0.881783855
0,-7.805,0.401227174,0.79339502
0,-2.82,0.491493488,0.776559051
0,3.195,0.592774241,0.761827578
0,3.2,0.527300055,0.759723082
0,4.94,0.593925473,0.747096106
19.22,11.22,0.722652975,0.925978272
43.01,8.93,0.734684886,6.481847905
0,2.005,0.600643494,9.175602879
0,1.38,0.601191153,4.124812303
0,4.34,0.669069074,2.777934817
23.41,10.455,0.803662949,3.072564267
0,7.715,0.77142541,4.377351832
0.35,4.335,0.655963508,3.198834031
0,4.72,0.6867261,2.546440249
7.74,5.365,0.682707889,2.209720877
0,7.345,0.790029139,2.007689254
0,6.99,0.753776867,1.780403678
0,8.46,0.811690282,1.593103527
0,6.9,0.774275362,1.443684306
0,-1.3,0.604370465,1.315310046
0,1.745,0.671118717,1.218503226
0,7.56,0.848796307,1.155368344
0,11.375,0.96662173,1.104860438
0,13.625,1.065707855,1.083815478
14.41,12.965,0.927044792,1.296369581
3.31,8.51,0.871539898,1.359504463
18.79,10.785,0.937670503,1.281638109
4.7,7.34,0.898575344,2.798979777
0,3.83,0.838872955,2.967339463
0,6.82,0.935317032,2.399125523
0,8.93,0.990654979,2.066615144
6.26,8.61,0.888892625,1.862479025
0,1.73,0.840383428,1.685701355
0,5.295,0.971298594,1.517341669
0,8.125,1.066973322,1.367922448
28.46,6.61,0.914268174,1.578372055
0,1.94,0.921446962,2.567485209
0,4.07,1.008278643,2.441215445
0,8.505,1.166047804,2.096078089
18.76,15.585,1.179202381,2.209720877
51.52,15.1,1.182559539,16.43611433
43.54,10.615,1.161470333,48.61385929
0,3.52,1.057170224,16.20461976
0,6.6,1.209484889,5.492734751
1.12,7.675,1.213080302,3.893317735
0,8.44,1.339335805,3.072564267
0,11.08,1.43429241,2.630620091
45.53,10.43,1.244186485,11.17487415
0,6.675,1.351224594,11.74308809
0,8.78,1.465077151,5.324375065
0,12.325,1.646857438,3.788092932
0,16.17,1.444907775,3.030474345
10.29,17.13,1.099608543,2.567485209
17.07,15.165,1.251168483,3.872272775
0,6.1,1.475429096,4.714071204
0,4.23,1.320004792,3.198834031
0.01,6.175,1.417675809,2.651665052
0,6.27,1.572157557,2.31494568
0,6.55,1.623092012,2.028734215
6.08,11.555,1.514745014,1.976121813
0,10.22,1.787096519,1.887732978
0,3.77,1.329269104,1.675178874
0,1.025,1.436278973,1.492087716
0,0.715,1.377453205,1.38265392
0,8.625,1.911391483,1.315310046
0,11.64,1.992894367,1.271115628
6.6,6.155,1.271819293,1.241652683
17.46,4.25,0.831573804,1.355295471
10.56,4.34,1.350047938,1.788821662
0,5.555,1.94865255,1.910882434
0,6.66,2.043136968,1.765672205
0,10.02,2.289683669,1.654133914
0,11.715,2.357840034,1.569954071
24.29,11.31,1.444003364,1.90246445
21.21,11.27,1.353843537,4.629891361
11.97,16.27,1.840055766,5.871544044
0,18.64,2.826664615,4.103767343
0,19.9,2.646712907,3.114654188
0,17.855,2.800102146,2.546440249
0,19.42,2.993020068,2.272855759
24.31,17.785,2.212632223,2.756889856
30.54,11.885,1.416877557,10.12262611
3.65,9.755,1.931720982,7.870815314
0,8.86,2.53360134,4.735116165
0,9.115,2.651125944,3.472418521
0,1.71,1.930359128,2.777934817
0,3.625,2.376380137,2.378080563
0,9.66,2.873504896,2.146585995
0,13.365,2.966805696,1.946658868
0,11.5,2.689116744,1.788821662
0.29,6.405,2.020944643,1.670969882
0,5.255,1.966175315,1.553118102
0,3.51,2.480071496,1.443684306
0,8.55,2.829527771,1.348981983
3.1,12.81,1.77862996,1.319519038
6.48,13.895,1.701649656,1.302683069
5.66,14.885,2.336350356,1.43105733
0,15.545,3.414288974,1.31320555
2.99,14.76,2.934122582,1.20587625
0,9.305,2.963086205,1.142741368
0,6.825,3.08274826,1.111173927
0,10.4,3.46712264,1.090128966
14.8,10.15,2.730869505,1.117487415
0.76,2.665,2.555064948,1.189040281
0,5.425,3.043858635,1.121696407
0,9.38,3.485265532,1.069084005
8.74,13.955,3.034052824,1.064875013
12.03,10.725,2.52375507,1.09854695
0,5.795,2.993753313,1.08802447
0,7.865,3.297576397,1.052248037
0,11.37,3.306635754,1.037516564
1.5,12.105,2.740049933,1.037516564
0,14.595,3.418168968,1.037516564
7.36,14.245,3.018515896,1.043830052
3.94,9.56,3.179792705,1.094337958
0,11.875,3.686374118,1.058561525
0,16.445,3.44623054,1.026994084
41.28,17.35,2.650682053,2.777934817
16.3,17.68,3.298208874,4.756161125
0,18.885,4.62771605,2.841069699
0,20.22,4.768864895,2.146585995
0,20.21,4.623862227,1.816180111
0,19.165,4.616634849,1.620461976
0,19.685,4.400334534,1.456311283
17.36,18.275,3.370215424,1.391071904
5.86,14.765,3.621285895,1.37213144
0,18.985,4.440920757,1.271115628
0,20.185,3.763060042,1.197458266
15.84,15.465,2.220098779,1.416325857
19.02,17.22,2.916494516,1.955076852
11.47,21.79,3.274121924,1.700432827
20.76,16.88,3.349502684,1.809866623
0,9.335,3.650041422,1.824598095
0,12.415,4.281811493,1.569954071
0,15.115,4.627074887,1.401594385
2.73,17.03,3.534271324,1.31320555
5.02,13.11,3.051294048,1.294265085
0,10.32,4.078120927,1.212189738
0,12.045,3.912572164,1.167995321
13.62,17.815,3.159128012,1.266906636
0,17.28,4.889239177,1.184831289
0,19.98,5.035899195,1.090128966
0,23.205,4.129018788,1.043830052
18.62,21.005,3.564950521,1.140636872
0,16.825,4.83270148,1.199562762
0,19.17,4.816826509,1.064875013
27.73,20.65,3.064107292,1.7151643
21.2,19.695,2.975054519,5.913633966
15.18,16.105,3.168479847,4.461531675
0,12.045,3.736369627,3.15674411
0,15.195,4.35628456,2.462260406
0,19.415,5.123770388,2.02031623
0,21.64,4.824198491,1.738313756
3.81,22,3.94460719,1.612043992
3.58,21.36,3.534580948,1.532073141
0,15.745,4.885467769,1.338459503
0,17.66,5.325089079,1.189040281
0,19.145,5.183319101,1.08802447
0,21.52,4.847289981,1.018576099
0,23.705,4.394323828,0.953336721
36.98,23.735,3.438953599,1.21639873
0,20.315,4.240908056,1.266906636
0,16.36,5.149197002,1.066979509
0,19.6,5.530252858,0.974381682
0,24.215,5.731379647,0.92176928
0,25.24,5.446389194,0.87336587
0,25.93,5.131293945,0.843902925
0,24.705,5.10451978,0.812335484
0,22.08,5.456855387,0.776559051
0,20.595,5.705376709,0.751305098
0,22.385,5.668838187,0.732364633
0.33,24.29,5.414702185,0.723946649
9.42,25.4,3.943947867,0.75551409
0,25.605,5.34877759,0.820753469
0,26.105,5.572824464,0.753409594
0,26.13,5.270744923,0.717633161
0.04,23.57,5.852006812,0.700797192
0,24.715,5.849604655,0.698692696
31.88,25.74,4.363964289,0.907037808
14.51,24.695,3.850909726,1.079606486
0,21.9,5.08778714,1.024889588
0,20.195,5.25095683,0.85232091
0,20.835,5.181058115,0.763932075
0,20.855,5.515753103,0.717633161
0,22.61,5.531544447,0.692379208
0,23.54,5.721446571,0.673438743
0,24.995,5.710995194,0.654498279
0,25.74,5.641226703,0.639766806
0,26.825,5.169399275,0.629244326
0,26.62,5.087479037,0.622930838
0,23.965,5.89800553,0.614512853
0,25.01,5.642796783,0.595572389
0,25.015,5.724976916,0.57873642
0,25.885,5.585917863,0.56821394
0,26.8,5.322674203,0.566109444
0.78,27.53,5.406359092,0.572422932
0,28.255,5.314003664,0.582945412
0,27.425,5.033381549,0.5892589
6.11,26.455,3.73320696,0.654498279
63.52,24.635,3.260774687,1.55943159
10.19,22.6,2.750179098,1.776194686
1.55,20.37,3.704677672,1.115382919
0,18.68,4.831928119,0.858634398
0,20.33,4.837538487,0.759723082
0,21.63,5.100487228,0.707110681
0,22.94,4.861284075,0.675543239
0,23.89,4.999068542,0.652393783
0,25.09,4.658538529,0.639766806
0,25.09,4.780669707,0.63766231
0.13,25.095,4.763713195,0.641871302
10.91,24.015,3.462512621,0.711319673
0,21.465,4.237404489,0.770245563
0,21.37,5.026909929,0.688170216
0,22.575,5.24692819,0.635557814
0,24.12,5.349478667,0.614512853
0,25.08,5.148655017,0.599781381
0,24.75,5.388187689,0.5892589
0,25.04,5.26366121,0.570318436
0,25.015,4.831166769,0.557691459
0,23.485,4.775675863,0.549273475
0,24.36,4.758037429,0.542959987
0,24.005,5.161413924,0.532437507
0,24.875,5.269950713,0.528228514
8.07,24.885,3.760398693,0.555586963
3.55,23.52,4.004192098,0.612408357
0,18.74,4.673251714,0.595572389
0,19.105,4.521742264,0.553482467
0,20.915,4.872575385,0.53033301
0,21.605,4.824597514,0.515601538
0,22.02,4.947885744,0.507183554
0,23.225,5.141037861,0.498765569
0,23.95,4.817874086,0.488243089
0,23.305,4.171150389,0.484034097
0,23.775,4.748545356,0.484034097
0,23.925,4.889448814,0.475616113
0,26.13,5.016907851,0.46088464
0,26.83,5.135758094,0.448257664
0,27.925,5.167299585,0.437735183
0,27.95,5.09939387,0.427212703
2.26,28.345,4.795617196,0.437735183
0,26.77,4.681482587,0.462989136
0,24.48,3.960636797,0.439839679
0,23.09,4.351495978,0.435630687
0,23.76,4.622485101,0.431421695
0,25,4.825409842,0.423003711
0,26.79,4.881526983,0.414585726
0,27.645,4.887246975,0.408272238
0,27.92,4.77242093,0.399854254
0,27.07,4.48676522,0.393540766
0,23.6,4.394288944,0.383018285
0,24.94,4.35216699,0.383018285
0,25.83,4.323871147,0.378809293
0,26.385,4.340599596,0.378809293
0,26.805,4.325495143,0.378809293
0,27.375,4.330683982,0.374600301
0,27.35,4.3337637,0.370391309
0,27.93,4.291479679,0.368286813
13.24,27.47,3.224601877,0.378809293
4.65,25.66,2.598258518,0.427212703
10.92,25.48,2.812542922,0.423003711
5.78,23.465,2.66283652,0.45036216
7.73,24.295,2.609809558,0.473511616
11.49,23.44,1.925304015,0.465093632
0,23.435,2.433052987,0.462989136
14.11,22.555,2.667948651,0.462989136
0,19.605,3.499286806,0.481929601
0,18.765,3.387272849,0.456675648
0,17.98,3.343475972,0.429317199
0,21.145,3.382508686,0.420899215
0,24.49,2.864184557,0.418794719
0,23.655,2.852405,0.420899215
12.81,22.645,2.26008101,0.441944175
0,16.07,2.874779801,0.448257664
0,11.515,2.640503507,0.429317199
0,13.01,2.746547196,0.425108207
0,16.02,2.952532473,0.418794719
0,19.22,3.092087515,0.414585726
0,20.585,3.111652831,0.408272238
0,21.095,3.067836367,0.40195875
0,20.64,2.88359416,0.393540766
0,18.74,2.533463537,0.359868829
0,17.295,2.754393616,0.359868829
0,19.555,2.846887241,0.359868829
37.56,21.34,1.985682149,0.454571152
0.06,16.885,2.594610963,0.650289287
0,18.24,2.675153798,0.555586963
0,19.025,2.590352337,0.47140712
16.9,21.375,2.001450351,0.507183554
11.68,22.075,1.739564045,0.867052382
4.66,16.57,1.963070278,0.656602775
0,9.16,1.300317032,0.555586963
0,12.175,1.624674373,0.505079058
0,12.24,1.803822889,0.484034097
0,13.515,2.055278679,0.477720609
0,14.48,2.083150655,0.467198128
0,16.615,2.139807636,0.458780144
0,17.665,2.16776117,0.458780144
17.47,15.545,1.678869804,0.570318436
0,8.2,1.608813112,0.707110681
0,10.06,1.703415003,0.597676885
0,12.665,1.781487724,0.542959987
22.26,15.84,1.439849966,0.580840916
6.83,11.46,1.119004836,0.837589437
0,8.83,1.502951319,0.774454555
0.44,8.845,1.43959136,0.656602775
0,6.505,1.337318913,0.593467893
0,7.405,1.388318068,0.566109444
0,8.73,1.412380209,0.542959987
0,7.48,1.325771573,0.517706034
0,10.3,1.399079991,0.50928805
0,12.735,1.442191684,0.505079058
0,13.185,1.429056471,0.502974561
0,13.71,1.44578798,0.502974561
0,14.005,1.429947772,0.498765569
0,16.15,1.487101874,0.502974561
10.33,14.81,1.244769894,0.526124018
1.65,6.125,0.984302679,0.56821394
0,6.13,1.043826217,0.5892589
0,5.805,0.979684659,0.572422932
31.11,6.965,0.782247469,0.650289287
39.25,7.095,0.822978834,1.849852048
0,7.945,1.024516936,1.38265392
0,9.93,1.068288293,0.959650209
0,10.285,1.043295705,0.768141067
0,11.73,1.054812468,0.679752232
0,12.57,1.072524765,0.635557814
0,12.395,1.052324254,0.614512853
0.87,9.455,0.929263823,0.646080294
0,6.2,0.856844291,0.662916263
0,8.065,0.886085427,0.662916263
0,12.175,0.999407862,0.660811767
0,14.43,1.051809433,0.650289287
3.69,15.345,0.973767853,0.643975798
8.54,13.395,0.862505407,0.650289287
0,10.44,0.859332138,0.673438743
0,13.2,0.95039137,0.671334247
0,13.505,0.957520197,0.654498279
0.83,19.355,0.967429214,0.646080294
28.12,15.71,0.945346574,0.74499161
0,3.78,0.677582356,1.115382919
0,2.565,0.625155831,0.997531139
0,4.57,0.667762169,0.867052382
0.27,8.99,0.786682998,0.774454555
56.42,11.075,0.770939958,2.31494568
0.13,5.03,0.67374895,5.198105301
0,-0.115,0.559570851,2.504350327
0,2.67,0.592822347,1.748836237
0,3.895,0.635929639,1.386862912
0,-0.075,0.530571983,1.229025707
0,4.235,0.584091924,1.115382919
0,6.42,0.586309889,1.02909858
0,7.365,0.60850601,0.961754705
0,7.645,0.644211736,0.9112468
0,9.45,0.736488597,0.858634398
9.34,8.66,0.702491835,0.827066957
0.74,10.77,0.765299273,0.827066957
7.94,8.54,0.696683077,0.81443998
15.62,9.5,0.720575543,0.86284339
27.2,14.375,0.818554686,2.081346616
20.74,8.175,0.693573835,4.356306871
0.08,7.86,0.704585569,3.135699149
30.85,12.38,0.758417101,4.798251047
53.26,12.395,0.779073361,17.04641819
16.38,4.515,0.582311132,17.29895772
2.35,-7.195,0.397047636,7.134241688
0,-7.305,0.406138163,4.103767343
0,-3.5,0.46952739,3.030474345
18.19,-0.99,0.510424888,2.609575131
14.62,5.115,0.635555822,5.050790576
7.88,11.39,0.762600897,4.693026243
20.01,15.64,0.881526211,4.524666557
24.22,4.05,0.527860784,12.26921211
0,-1.605,0.533278204,6.629162631
0,2.16,0.593178839,3.893317735
0,2.515,0.634656717,2.904204581
0,-1.405,0.550948844,2.420170484
0,3.32,0.659633826,2.146585995
6.03,9.58,0.758630745,1.889837474
26.13,7.97,0.752750632,2.209720877
0,4.57,0.635439676,2.777934817
0,5.57,0.653841894,2.378080563
7.19,5.89,0.668998668,2.209720877
13.15,8.5,0.786096739,3.72495805
3.46,5.585,0.742287934,3.74600301
0,1,0.618309808,2.967339463
0,2.59,0.722835906,2.420170484
0,4.11,0.76513783,2.146585995
3.53,6.46,0.792592626,1.99927127
0,5.52,0.820800244,1.851956544
0,3.79,0.796148413,1.662551898
0,5.19,0.849849593,1.534177637
0.64,6.715,0.871156295,1.45210229
0,0.59,0.760236916,1.359504463
0,-5.26,0.600434843,1.25427966
0,-2.175,0.714448694,1.165890825
0,2.4,0.84135591,1.083815478
0,-0.275,0.787265545,1.035412068
0,1.635,0.863785761,0.993322147
0,2.775,0.910001064,0.963859202
0.74,5.67,0.93750542,0.957545713
0,7.275,1.093512841,0.951232225
4.15,8.545,1.039836651,0.934396256
0,0.785,0.92501873,0.9112468
0,0.515,0.926296515,0.877574863
0,3.625,1.004485808,0.875470366
0,5.865,1.094783875,0.871261374
0,10.32,1.308951771,0.864947886
11.01,13.445,1.241722265,0.87336587
14.2,12.355,0.947715545,1.024889588
0,7.905,1.175481206,1.081710982
0,3.62,0.850219645,1.066979509
0,3.07,1.062471582,1.037516564
0,7.27,1.366186071,1.020680595
0,6.235,1.334083771,1.001740131
0,5.905,1.351418551,0.972277186
24.56,9.635,1.313555084,1.290056093
19.15,7.56,1.203199125,4.419441754
0.05,-2.115,1.069269784,4.040632461
0,-7.44,0.866621774,2.735844895
24.56,1.145,1.075000443,3.767047971
76.99,10.46,1.30801601,28.41069699
66.97,12.9,1.137274583,50.92880497
10.31,7.125,1.264101627,37.88092932
0,5.755,1.440998296,8.965153272
0.02,8.07,1.535289865,5.134970419
0,7.575,1.627584312,3.872272775
0,6.305,1.6302255,3.17778907
0,7.21,1.677938301,2.609575131
0,-0.485,1.274331933,2.31494568
0,2.345,1.546415283,2.060301656
0,5.625,1.797510387,1.835120576
3.35,9.34,1.924995491,1.786717166
5.4,14.74,1.656602037,2.378080563
7.08,10.585,1.879958447,2.399125523
0,2.795,1.262633064,2.441215445
0,5.135,1.874128907,2.29390072
0,11.39,2.298549702,2.125541034
0,10.75,2.364623562,1.96139034
0,5.53,1.630019397,1.790926158
0,3.94,1.960807296,1.647820425
0,4.505,2.058405255,1.525759653
0,6.565,2.17422804,1.437370818
1.4,10.57,2.2715305,1.3931764
8.81,11.63,1.510404007,1.397385393
0,6.545,1.668517992,1.351086479
0,4.725,1.47929102,1.262697644
0,7.945,2.299817788,1.19535377
3.74,11.18,2.376750622,1.153263848
11.24,9.59,1.648403282,1.20587625
0,6.76,2.52715559,1.199562762
0,11.07,2.888232898,1.134323383
0,15.67,3.067349924,1.094337958
15.06,20.06,2.525667211,1.13642788
39.7,19.58,2.484959808,9.322917604
0,14.13,3.216693143,6.629162631
0,12.66,3.20236398,3.619733246
0,15.835,3.461751228,2.714799934
0,21.365,3.090231977,2.29390072
12.39,14.565,2.634444174,2.125541034
41.26,9.795,1.903201449,3.893317735
11.7,4.515,1.890106949,11.49054856
0,4.485,2.62550322,6.376623102
0,8.755,3.112740531,4.103767343
0,12.685,3.474402369,3.15674411
0,14.1,3.543145761,2.58853017
0.85,16.3,3.025023801,2.230765838
6.64,16.635,2.559901068,2.05819716
0,17.505,3.879578252,1.868792513
0,19.075,3.902432871,1.702537323
10.35,19.56,2.9370134,1.639402441
5.11,19.485,2.540433596,1.710955307
3.97,13.405,3.073644714,1.637297945
0,13.44,3.74188443,1.534177637
13.62,15.085,2.686879988,1.569954071
10.71,17.165,2.20872182,1.675178874
41.18,18.26,2.112761868,2.988384424
31.64,18.365,2.620301263,9.996356348
0,15.27,4.135374286,8.081264921
0,17.43,4.32901488,4.419441754
0,17.335,4.233019898,3.261968913
13.96,17.885,2.758471742,2.904204581
2.64,15.865,3.159430042,4.187947186
0,11.415,2.77007327,3.283013874
0,10.6,3.145435782,2.609575131
0,12.39,3.668400437,2.272855759
0,13.75,3.897835254,1.980330805
0,16.07,4.338079494,1.765672205
0,18.685,3.816158131,1.620461976
1.44,19.745,3.054656296,1.538386629
23.15,18.93,2.454716985,1.776194686
38.93,17.99,2.306188544,7.492006021
0,17.42,3.386150731,10.03844627
0,19.095,4.423163881,5.324375065
0,14.98,4.63420827,3.493463481
0,15.355,4.666030237,2.735844895
8.43,17.585,3.451625188,2.462260406
24.51,19.535,2.382960508,3.388238678
16,15.04,3.153135773,4.082722382
0,13.505,4.596314829,3.051519306
0,15.805,4.494105749,2.462260406
11.3,17.925,3.411209654,2.904204581
7.49,20.945,3.109924002,3.009429385
28.39,19.91,2.528504983,4.272127029
14.54,20.36,2.541499197,7.744545549
26.89,20.26,2.939289009,7.007971924
17.5,21.38,3.595025427,5.029745615
0,22.655,5.169195049,3.535553403
0,23.17,5.197170017,2.735844895
0,23.665,5.221845367,2.272855759
22.7,23.835,4.023346511,3.219878992
18.73,23.875,3.794262579,4.756161125
5.59,22.86,3.64408736,4.440486714
0,22.445,4.395769322,3.240923953
0,22.16,4.128778714,2.357035602
0,23.135,4.621065778,2.003480262
0,23.875,4.932866435,1.782508174
0,23.915,3.852259405,1.732000268
97.43,23.32,2.71270709,22.30765838
100.35,22.41,2.665038748,159.5208023
13.92,24.27,3.529073217,51.7706034
10,24.585,3.894876967,9.470232329
0,24.96,5.349078693,5.156015379
0,25.025,5.199379729,3.703913089
0,25.32,5.42730695,2.988384424
19.8,24.79,4.346432062,2.798979777
0,24.91,5.93433388,2.335990641
6.85,25.645,4.485627806,2.077137624
21.99,23.22,4.354780284,2.420170484
0,21.3,5.257447551,2.209720877
0,20.175,5.510171807,1.830911584
0,19.995,5.58183217,1.649924921
0,21.19,5.547461053,1.496296708
0,21.325,5.668093317,1.388967408
7.27,22.015,4.046602967,1.327937022
3.65,23.075,3.388490082,1.330041518
1.52,24.25,4.769596877,1.277429116
11.14,25.275,4.166512694,1.304787565
0,25.42,5.312940715,1.27532462
9.64,25.505,3.89746723,1.308996558
0,24.225,5.188374516,1.197458266
0,22.425,5.880390333,1.100651446
0,23.725,5.867024219,1.048039044
0,24.555,5.812726167,1.016471603
14.07,25.255,4.704393033,1.018576099
27.71,23.86,4.292217493,1.250070667
12.93,23.34,4.134270711,1.487878724
20.71,23.555,4.071096103,1.915091427
5.4,24.01,3.664801129,2.066615144
0,20.585,3.742026626,1.664656394
0,20.2,4.724734635,1.378444928
0,23.175,5.07255678,1.243757179
0,23.72,5.663504359,1.15747284
0,24.255,5.640456052,1.096442454
0,26.45,5.754636529,1.03962106
0,26.9,5.804059226,0.984904162
4.04,25.52,5.117420327,1.197458266
2.37,25.41,4.97063143,1.037516564
0,25.18,5.163805579,1.050143541
0,25.155,5.568307898,0.955441217
0,25.82,5.481608617,0.917560288
0,25.38,5.611034697,0.898619823
18.72,25.465,4.466612203,0.909142304
0,25.985,5.554407179,0.917560288
8.18,26.16,4.365480366,0.902828815
0,27.05,5.40942996,0.87336587
5.2,26.435,4.62616119,0.829171453
0,25.32,5.401204876,0.799708508
0,23.435,5.395177609,0.774454555
0,24.3,5.311842914,0.749200602
1.32,24.16,4.854046326,0.761827578
0,24.64,4.976533426,0.759723082
12.57,25.065,4.108721571,0.79339502
0,25.91,5.514202827,0.757618586
0,26.375,5.444812465,0.719737657
0,26.455,5.763433919,0.688170216
0,27.18,5.734831414,0.669229751
1.3,27.585,5.348105012,0.713424169
24.8,25.925,3.793895262,0.822857965
1.24,24.06,4.36826689,0.843902925
1.13,23.115,4.462655133,0.782872539
0,23.79,5.036063331,0.740782618
0,24.01,5.000845933,0.707110681
0,24.38,4.656141661,0.688170216
0,22.075,5.25191585,0.667125255
0,23.475,5.471508961,0.639766806
0,24.495,5.595267459,0.618721846
0,25.825,5.242187975,0.606094869
0,25.865,5.089490865,0.599781381
7.87,26.155,4.294714326,0.593467893
0,26.64,5.21873206,0.669229751
0,26.99,5.084410431,0.667125255
4.52,27.07,4.475607592,0.62713983
7.86,26.655,3.380057108,0.614512853
32.68,24.505,3.150647504,1.02909858
0,23.135,4.219955595,1.117487415
0,22.63,4.822385792,0.854425406
0,21.705,4.770968543,0.74499161
0,21.92,4.537680938,0.702901688
0,21.84,4.79453224,0.683961224
0,23.12,4.937567176,0.652393783
0,23.98,4.587686156,0.643975798
10.31,25.04,3.453255953,0.675543239
0,22.47,4.594975104,0.705006185
0,20.135,4.563987522,0.658707271
0,19.07,4.185882466,0.629244326
0,20.37,4.455073176,0.616617349
0,22.375,4.675407902,0.603990373
0,23.265,4.54371231,0.585049908
0,23.41,4.176670714,0.576631924
4.41,23.675,2.623778629,0.582945412
4.25,25.75,2.970110549,0.625035334
0,25.96,3.4057412,0.622930838
18.05,24.615,2.914236504,0.665020759
30.31,24.34,2.769508676,1.115382919
0,25.28,3.826103318,0.871261374
0,26.135,4.135628896,0.738678122
0,25.275,4.002908046,0.669229751
0,24.745,3.862705823,0.629244326
0,23.73,3.639597294,0.603990373
0,23.675,3.879725627,0.593467893
0,24.44,3.865531502,0.585049908
0,24.365,4.013196314,0.564004948
0,24.78,3.921576322,0.547168979
5.92,24.435,2.889164296,0.538750995
3.16,24.455,2.746610332,0.650289287
0,25.295,3.839617288,0.643975798
0,26.2,3.966464454,0.593467893
0,26.195,3.917267546,0.572422932
0,26.52,4.027011242,0.547168979
0,26.57,3.991829225,0.534542003
0,26.56,3.903409091,0.51981053
0,25.5,3.795754354,0.511392546
7.41,25.27,3.055918101,0.505079058
6.54,20.69,2.96777431,0.524019522
0,11.775,2.831238155,0.532437507
0,12.165,2.923346785,0.507183554
0,14.95,3.09353195,0.502974561
0,19.43,3.060683512,0.502974561
11.3,18.635,1.723304229,0.513497042
23.25,16.13,2.138397283,0.610303861
0,13.65,2.751063016,0.73446913
0,12.135,2.731317202,0.633453318
0,13.905,2.820420793,0.572422932
0,16.985,2.970268034,0.547168979
0,18,2.971378597,0.532437507
0,18.1,2.917367505,0.494556577
0,18.23,2.832964471,0.484034097
0,19.655,2.838006333,0.481929601
0,20.875,2.733910509,0.47140712
10.33,19.33,2.185895649,0.473511616
15.32,10.165,1.818826779,0.521915026
0,6.75,1.941098472,0.536646499
0,8.75,2.060556794,0.532437507
0,10.915,2.150568529,0.51981053
0.1,13.18,2.194638703,0.51981053
3.6,13.41,1.908020845,0.51981053
0,14.52,2.196820925,0.51981053
0,13.27,2.067876733,0.524019522
0,12.815,1.94999901,0.51981053
13.88,12.24,1.392803439,0.526124018
0,8.11,1.7163068,0.553482467
0,8.97,1.736136289,0.559795955
0,12.14,1.83852357,0.559795955
0,13.6,1.873548531,0.557691459
0,11.215,1.67180578,0.553482467
0,13.215,1.755644685,0.540855491
0,15.155,1.808269192,0.53033301
17.26,17.285,1.290903109,0.572422932
30.87,18.605,1.078453859,0.68606572
23.38,19.605,1.265132423,1.959285844
0.51,20.455,1.533901368,1.521550661
3.32,21.17,1.318283941,1.151159352
3.87,20.85,1.689077723,1.229025707
0,20.325,1.635857112,0.974381682
0,18.775,1.40139421,0.841798429
0,16.55,1.455617198,0.763932075
11.08,14.79,1.338224072,0.747096106
0,6.92,1.157515377,0.774454555
0,2.225,0.893946395,0.747096106
0,-2.9,0.799588788,0.694483704
0,-2.5,0.819150335,0.662916263
0,1.845,0.953549382,0.646080294
0,5.04,1.031102672,0.63766231
0,3.64,0.942895109,0.631348822
0,-0.545,0.818036186,0.618721846
0,1.625,0.886295804,0.610303861
0,2.895,0.89928937,0.606094869
0,3.31,0.902332924,0.601885877
0,4.295,0.909998197,0.597676885
0,8.345,1.007472176,0.593467893
0,10.785,1.068451412,0.591363397
0,14.51,1.187471883,0.591363397
0,15.215,1.202464434,0.591363397
0,16.465,1.219816174,0.591363397
0.11,17.41,1.102629266,0.591363397
27.19,17.87,0.884693971,0.641871302
5.24,14.25,0.948467424,0.894410831
11.37,10.72,0.72713564,0.942814241
0,6.69,0.815339401,0.951232225
0,2.34,0.713491702,0.871261374
0,0.56,0.658188409,0.799708508
0,0.935,0.651704211,0.787081531
0,4.69,0.722704085,0.770245563
0,10.1,0.873249253,0.774454555
0,13.82,0.976583978,0.772350059
31.68,15.76,0.95429421,1.045934548
95.55,12.435,0.848632351,19.31927395
55.45,10.835,0.794493124,35.14508442
53.65,9.11,0.751719288,53.66464987
0,-0.94,0.548337118,16.58342906
0,-0.585,0.558244241,5.029745615
0,4.15,0.635644527,3.430328599
0,7.73,0.702312076,2.630620091
0,10.7,0.81205938,2.167630955
33.92,13.275,0.792259015,2.714799934
16.62,6.385,0.657937133,6.502892866
0,6.365,0.661570934,4.503621597
0,11.02,0.787303803,3.17778907
32.7,14.425,0.794389767,3.219878992
14.59,11.02,0.771064208,5.576914594
0,1.43,0.5294085,4.187947186
0,1.385,0.526688498,3.072564267
0,4.47,0.574100244,2.483305366
0,3.33,0.569335336,2.083451112
0,0.065,0.523579502,1.807762127
0,3.04,0.59916335,1.622566472
5.35,7.15,0.648928857,1.494192212
4.23,8.84,0.657574859,1.416325857
15.46,12.93,0.798890792,1.447893298
10.36,7.89,0.677721663,1.786717166
0,2.625,0.585827142,1.841434064
0,4.725,0.599856355,1.647820425
0,7.045,0.699362416,1.506819188
8.63,7.54,0.679897964,1.45210229
3,5.725,0.628496177,1.477356243
0,3.73,0.606333599,1.43105733
0,4.1,0.648307325,1.348981983
0,4.855,0.654330432,1.285847101
4.46,5.91,0.679003988,1.243757179
9.62,7.35,0.638536329,1.357399967
0,5.125,0.624473589,1.380549424
0,4.58,0.615673639,1.321623534
0,3.675,0.67051792,1.271115628
0,4.73,0.676614247,1.222712219
1.97,5.37,0.715009512,1.203771754
11.41,8.27,0.749722519,1.292160589
0,3.39,0.690359339,1.277429116
0,-1.29,0.589816543,1.207980746
14.81,1.86,0.640140002,1.180622297
9.44,7.205,0.746777572,1.279533612
18.65,4.12,0.709118609,2.081346616
0,-3.775,0.568964412,2.904204581
0,-5.695,0.547595228,2.167630955
0,-3.8,0.587299689,1.856165537
0,-0.02,0.651568705,1.681492362
0,-3.695,0.606355017,1.521550661
0,-0.23,0.712348258,1.391071904
0,3.64,0.818097933,1.317414542
0,4.965,0.860151108,1.269011132
9.39,7.615,0.860530956,1.281638109
0,2.59,0.81654868,1.285847101
0,3.49,0.884742257,1.20587625
0,5.205,0.937836536,1.132218887
0,5.52,0.972339644,1.077501989
0,6.775,1.025863994,1.050143541
0,7.925,1.099704344,1.033307572
0,7.015,1.092127468,1.008053619
0,7.735,1.128923246,0.97017269
0,5.76,1.082378608,0.965963698
0,4.2,1.05516255,0.947023233
0,7.455,1.164428533,0.928082768
0,9.375,1.259192475,0.9112468
0,9.01,1.272641378,0.902828815
0,4.255,1.089120429,0.883888351
0,3.52,1.111248849,0.850216414
0,0.315,0.957865769,0.831275949
0,-2.535,0.905104361,0.810230988
0,0.905,1.088135369,0.791290524
0,5.19,1.270870502,0.782872539
1.12,9.56,1.303835905,0.780768043
3.09,9.97,1.10351931,0.780768043
5.46,10.575,1.094201528,0.79339502
13.19,13.2,1.324988147,0.909142304
0,8.875,1.571147074,0.959650209
21.54,7.64,1.249001351,0.955441217
10.27,11.25,1.295134067,1.252175164
0,9.595,1.662054933,1.348981983
0,4.65,1.45610802,1.300578573
0,7.37,1.66206988,1.212189738
0,8.83,1.753261375,1.144845864
28.18,11.735,1.5212233,1.65623841
15.7,12.625,1.229996876,3.325103796
2.68,10.315,1.481977479,2.88315962
22.13,5.705,1.212259385,3.872272775
0,1.915,1.325411214,5.45064483
0,8.13,1.915662594,3.598688285
0,9,1.980564982,2.693754974
0,8.6,1.997692405,2.167630955
0,11.295,2.208858327,1.849852048
0,13.89,2.392834498,1.668865386
0,16.255,2.411449669,1.521550661
0,17.18,2.201328974,1.399489889
0,16.045,2.072252679,1.338459503
0,16.52,2.434956108,1.252175164
0,15.065,2.627774757,1.163786328
0,16.635,2.662083038,1.245861675
70.25,12.05,2.035500044,25.8853017
2.89,0.51,1.64762975,18.11971119
0,0.835,1.751153722,5.576914594
0,2.78,1.791899151,3.788092932
0,3.785,2.003265481,2.820024738
0,5.28,2.122173262,2.29390072
0,3.74,2.224616123,1.948763364
0,8.5,2.534691703,1.710955307
19.31,15.08,1.925076044,2.043465687
15.32,11.775,1.889970967,3.851227814
0,5.955,2.169275543,3.261968913
0,4.69,2.309089492,2.609575131
5.23,7.1,1.946492843,2.29390072
10.45,4.68,1.673220192,2.29390072
0,4.55,2.470671634,2.167630955
3.37,8.22,2.090135025,1.917195923
2.77,9.355,2.249093652,1.788821662
0,8.785,2.711335716,1.681492362
0,6.04,2.653212781,1.586790039
0,10.115,2.588668173,1.496296708
6.5,10.79,1.995293072,1.529968645
1.05,10.36,2.550805784,1.555222598
0,7.835,2.565295031,1.426848338
0,2.505,2.319078073,1.342668495
0,2.195,2.555615341,1.271115628
0,7.005,3.037740161,1.226921211
0,8.15,3.211515106,1.180622297
0,9.585,3.14435417,1.134323383
6.27,12.55,2.174112527,1.119591911
0,13.195,3.604578694,1.117487415
0,15.395,3.902826514,1.079606486
0,16.395,4.030702446,1.048039044
0,18.055,4.133092562,1.016471603
0,17.92,4.003015773,0.989113154
0,15.67,3.8631384,0.963859202
0,17.845,4.272035633,0.940709745
0.59,19.915,4.203671577,0.930187264
10.02,19.78,3.323088625,1.058561525
0,20.81,3.996770107,1.052248037
0,20.02,4.190187946,0.982799666
2.01,20.515,3.388254064,0.97017269
15.5,18.8,2.107732576,1.111173927
13.66,15.99,2.196285028,1.464729267
0,15.01,3.982209046,1.525759653
0,17.115,4.541111723,1.361608959
0,20.165,4.593776473,1.243757179
0,16.56,4.423563772,1.163786328
0,9.025,2.976300518,1.094337958
0,7.195,2.422764378,1.052248037
0.45,7.3,3.328092955,1.014367107
0,9.23,3.882810647,0.98069517
0.15,13.405,4.34080073,0.949127729
0,18.44,4.673727195,0.92176928
0,19.73,4.713188131,0.890201839
0,20.45,4.27438656,0.86284339
0,15.15,4.615759953,0.833380445
0,12.88,4.471014688,0.808126492
0,10.325,3.713816102,0.797604012
0,10.21,3.734932881,0.784977035
0,11.925,4.085145209,0.772350059
0,13.445,4.492566689,0.761827578
0,16.8,4.698046451,0.751305098
0,17.77,4.94053797,0.738678122
0,19.31,4.92105388,0.736573626
38.69,18.97,3.358676682,1.351086479
0,17.825,4.723827142,1.374235936
0,19.69,4.864343797,1.018576099
0,21.37,4.809242907,0.877574863
0,20.945,4.303580345,0.822857965
0,22.425,4.542381102,0.787081531
0.26,22.52,4.484466401,0.913351296
16.07,23.005,3.733981146,0.883888351
5.79,22.4,3.369374704,0.816544476
0,19.99,4.327160756,0.940709745
0,20.08,4.934581758,0.829171453
0,19.205,4.479811741,0.747096106
0,15.85,3.370061015,0.73446913
0,17.115,3.590531724,0.73446913
0,14.525,3.556846261,0.732364633
0,14.94,3.28275867,0.717633161
14.4,15.265,2.258338753,0.723946649
14.08,15.39,2.981118352,0.883888351
0,15.26,4.682017401,0.904933311
0,16.395,4.655973274,0.761827578
0,17.89,4.633852335,0.721842153
17.28,18.775,3.165164155,0.848111917
44.26,18.08,2.320481454,1.683596859
9.96,18.91,3.4431482,2.104496073
0,20.58,5.191878134,2.58853017
22.38,22.455,3.591004296,2.251810798
0,23.115,4.209564905,1.946658868
10.73,23.165,3.257023878,1.820389103
0,22.265,5.044523781,1.641506937
3.69,22.725,4.127462089,1.515237173
20.73,22.38,3.6797994,1.43105733
0,21.105,3.576517411,1.388967408
0,21.565,4.069928303,1.283742605
0,22.76,5.393607583,1.189040281
0,24.195,5.895660148,1.13642788
0,25.08,5.755270565,0.907037808
0,25.17,5.386115235,0.85232091
29,22.915,4.599444966,0.98069517
0,23.38,5.742322616,0.961754705
0,21.14,5.590490688,1.584685543
0,16.225,5.430083137,1.073292997
0,17.375,5.48380854,0.87336587
0,19.95,5.787465387,0.79339502
0,23.67,5.817473533,0.75551409
26.48,24.015,3.904328307,1.576267559
12.68,19.715,3.872020361,3.788092932
0,19.19,5.46959791,1.995062277
0,21.01,5.689977398,1.3931764
0,22.015,4.752338509,1.13642788
6.39,23.19,2.991037032,1.144845864
1.04,25.3,4.639855373,1.056457029
28.55,25.29,3.990219581,1.085919974
4.37,23.84,4.657139923,1.607835
19.82,23.455,3.572947634,1.955076852
11.5,24.105,3.93613235,3.598688285
0,24.965,5.357173036,2.630620091
0,25.43,5.654424978,1.875106001
0,25.475,5.595555415,1.481565236
0,25.865,5.479615382,1.229025707
0,26.19,5.440568044,1.085919974
0,25.95,5.546595489,0.987008658
0,25.745,5.720860492,0.904933311
0,26.075,5.134746327,0.843902925
6.61,25.555,3.174987346,0.869156878
4.81,24.145,3.661470185,0.915455792
10.68,23.895,3.137177792,0.86284339
0,22.815,4.986118458,0.806021996
0,23.53,5.342450966,0.753409594
0,23.95,5.458537821,0.711319673
0,24.36,5.294652015,0.723946649
9.94,24.31,3.70363893,0.831275949
2.54,25.47,4.223294693,0.879679359
1.33,25.375,4.613293252,0.850216414
0,25.88,4.817352599,0.812335484
0,25.205,4.987559302,0.87336587
0,25.43,4.820463949,0.782872539
1.18,23.315,4.842852097,0.719737657
0,22.96,5.002384072,0.683961224
0,22.875,4.863893438,0.675543239
8.9,25.105,3.500270736,0.761827578
6.1,22.09,4.029144559,0.816544476
0,20.765,5.055327503,0.726051145
0,20.97,4.935562185,0.673438743
0,22.465,4.419855008,0.679752232
0,22.69,3.984292583,0.709215177
2.11,22.78,3.134655035,0.671334247
2.46,23.78,3.418429317,0.669229751
0,25.48,4.788716231,0.652393783
0,25.275,4.765531438,0.631348822
3.13,25.38,4.856987167,0.625035334
0,25.13,5.009251404,0.62713983
0,24.3,4.556437625,0.658707271
0,23.645,4.118626383,0.671334247
2.21,21.04,4.522930561,0.618721846
2.46,18.79,3.801689546,0.606094869
0,17.65,4.377304195,0.721842153
0,18.615,4.433093907,0.62713983
0,19.67,4.651479511,0.595572389
0,20.1,4.619240055,0.574527428
0,21.545,4.451088609,0.566109444
0,21.585,4.006456596,0.555586963
0,22.63,4.44755224,0.551377971
0,22.925,3.920528647,0.559795955
20.36,23.22,3.313147777,0.593467893
5.74,24.81,3.958939461,0.692379208
0,25.08,4.359793415,0.759723082
5.26,24.655,3.576765224,0.719737657
58.95,18.21,3.00145137,3.072564267
0,16.97,4.132074143,2.146585995
0,17.76,4.222104963,1.296369581
0,19.575,4.394116348,1.02909858
0,21.665,4.278481159,0.898619823
0,21.55,4.001000278,0.955441217
50.47,21.095,2.654966409,9.154557918
33.86,20.995,2.039505027,7.071106806
0,22.28,3.526328345,3.093609228
0,23.37,3.791006952,2.230765838
0,23.45,3.966962984,1.811971119
0,23.805,4.109909838,1.416325857
0,24.21,4.016780842,1.191144777
0,23.885,3.727009182,1.054352533
0,18.48,3.80578266,0.942814241
0,17.025,3.670445917,0.85232091
0,18.66,3.690190168,0.79339502
0,21.13,3.754934917,0.753409594
0,20.02,3.604476235,0.719737657
0,20.415,3.629355044,0.688170216
0,20.265,3.370138362,0.683961224
46.88,22.015,2.517477289,1.908777938
0.02,22.83,2.934838866,2.504350327
0,21.755,2.905899495,1.616252984
3.66,23.12,2.788044973,1.252175164
45.38,22.64,2.203105971,1.761463213
12.84,16.22,2.286609775,2.925249542
0,15.56,2.290154696,2.335990641
0,16.28,2.50001311,1.679387866
14.09,17.83,1.941122405,1.418430353
0,17.825,2.408976589,2.609575131
0,15.465,2.75497949,1.969808324
0,14.93,2.704928873,1.412116865
0,12.54,2.581669893,1.178517801
0,12.74,2.600419727,1.050143541
0,13.61,2.601609058,0.989113154
0,14.05,2.585036167,0.928082768
3.53,15.765,2.061667013,0.885992847
0.92,15.875,2.03260584,0.858634398
0,13.825,2.375752378,0.818648972
0,13.945,2.319947938,0.782872539
0,15.885,2.274347577,0.75551409
0,12.235,2.217654438,0.738678122
0,12.605,2.200928427,0.723946649
0,11.72,2.104101603,0.726051145
0,10.505,2.000738118,0.707110681
0,13.315,2.135234714,0.694483704
0,16.65,2.247997949,0.715528665
0,19.29,2.279652885,0.698692696
14.26,16.66,1.712106567,0.73446913
9.69,10.675,1.531039125,0.818648972
0,10.25,1.703984841,0.766036571
0,7.465,1.597963885,0.719737657
0,8.52,1.607946537,0.698692696
0,13.835,1.781351077,0.6965882
0,15.935,1.846879135,0.713424169
0,16.3,1.879492654,0.711319673
0,16.07,1.826269594,0.705006185
0,14.835,1.726914355,0.681856728
0,13.325,1.628971731,0.673438743
11.2,15.36,1.430688311,0.694483704
0,13.54,1.4306026,0.778663547
0,12.03,1.458707103,0.784977035
6.08,12.955,1.201699152,0.757618586
9.43,15.82,0.996813376,0.799708508
8.2,17.61,1.100269756,0.778663547
15.04,16.37,1.120088916,0.808126492
0,12.085,1.357556465,0.888097343
11.14,13.485,1.218529234,0.92176928
11.44,5.515,0.780082238,1.020680595
0,2.6,0.610330423,1.031203076
0,1.79,0.80173941,0.963859202
0,3.765,0.948220649,0.896515327
0,7.38,1.060147749,0.850216414
0,11.485,1.110710793,0.81443998
1.26,13.795,1.04246891,0.797604012
22.58,13.83,1.018157212,0.860738894
0,6.8,0.977303756,1.121696407
0,4.91,0.890117892,1.21639873
0,5.875,0.903081926,1.066979509
0,5.565,0.884685233,0.974381682
0,9.255,0.959795622,0.923873776
0,9.83,0.933461608,0.9112468
0,11.045,0.941229961,0.885992847
0,13.73,1.064911246,0.869156878
25.61,16.045,0.94833837,1.02909858
34.65,16.205,0.980122426,2.88315962
0,11.375,0.955257734,3.556598364
10.78,8.095,0.732650574,2.272855759
14.68,11.1,0.862208637,2.188675916
0,8.645,0.848541329,3.009429385
0,4.01,0.667224362,2.378080563
0,1.225,0.579164244,1.938240883
0,1.29,0.596271989,1.681492362
0,0.925,0.622689377,1.496296708
0,2.385,0.642172563,1.355295471
0,2.69,0.646072977,1.252175164
0,2.42,0.626187385,1.153263848
11.53,4.265,0.651153566,1.092233462
0.45,2.305,0.613699093,1.085919974
0,-0.315,0.533957655,1.026994084
4.81,0.99,0.541748939,0.989113154
0,2.265,0.575739395,0.963859202
0,1.87,0.583548572,0.961754705
9.73,3.43,0.580399133,1.064875013
0.45,3.99,0.6170864,1.100651446
0,0.14,0.544929245,1.050143541
0,2.32,0.578634314,1.014367107
0,4.86,0.640477954,0.984904162
0,8.405,0.738738217,0.959650209
5.68,9.405,0.706683766,0.976486178
3.18,6.105,0.658313545,0.989113154
0,3.51,0.612295158,0.976486178
0,6.305,0.659801315,0.959650209
25.2,7.52,0.693344775,1.245861675
0,4.365,0.645122725,1.689910347
10.62,7.4,0.687003194,1.696223835
23.2,10.565,0.771063562,2.925249542
4.14,1.73,0.556933123,4.693026243
0,-2.225,0.509369649,3.535553403
5.88,0.215,0.544183601,2.946294502
2.84,0.745,0.565012373,2.567485209
4.07,4.875,0.613773415,2.29390072
0,7.89,0.746469534,2.077137624
0,11.495,0.857948183,1.877210497
0,9.695,0.80849671,1.723582284
